﻿{"cameraMode":{"drawMode":0,"name":"Shaded","section":"Shading Mode"},"sceneLighting":true,"audioPlay":false,"sceneViewState":{"showFog":true,"showMaterialUpdate":false,"showSkybox":true,"showFlares":true,"showImageEffects":true,"showParticleSystems":true},"in2DMode":false,"pivot":{"x":6.284918785095215,"y":1.9657118320465088,"z":-3.3527259826660158},"rotation":{"x":-0.00033589103259146214,"y":0.9922177791595459,"z":-0.1244855672121048,"w":-0.0026784250512719156},"size":10.920616149902344,"orthographic":false}